Timestamp,Weather,Time of Day,Mask White Ratio,Lane Quality Score,Lane Error,Processing Time (ms),Mode
1767861261433,Sunny,Day,0.012022569444444445,24.04513888888889,,432.48085400045966,manual
1767861261719,Sunny,Day,0.013411458333333333,26.822916666666664,,3.5834780010191025,manual
1767861261750,Sunny,Day,0.012239583333333333,24.479166666666668,,28.144338000856806,manual
1767861261787,Sunny,Day,0.01310763888888889,26.21527777777778,,2.7566810003918363,manual
1767861261809,Sunny,Day,0.013194444444444444,26.38888888888889,,17.391143999702763,manual
1767861261844,Sunny,Day,0.012630208333333334,25.260416666666668,,29.884299998229835,manual
1767861261871,Sunny,Day,0.013802083333333333,27.604166666666664,,23.237590999997337,manual
1767861261905,Sunny,Day,0.011805555555555555,23.61111111111111,,29.533658998843748,manual
1767861261934,Sunny,Day,0.012196180555555556,24.39236111111111,,23.099928001101944,manual
1767861261965,Sunny,Day,0.01423611111111111,28.47222222222222,,26.572741000563838,manual
1767861261997,Sunny,Day,0.014973958333333334,29.947916666666668,,26.655424999262323,manual
1767861262028,Sunny,Day,0.013541666666666667,27.083333333333336,,26.992287999746623,manual
1767861262060,Sunny,Day,0.012803819444444444,25.60763888888889,,27.20470999884128,manual
1767861262090,Sunny,Day,0.012717013888888889,25.43402777777778,,25.699463998535066,manual
1767861262122,Sunny,Day,0.012109375,24.21875,,26.967324998622644,manual
1767861262156,Sunny,Day,0.013194444444444444,26.38888888888889,,29.818634000548627,manual
1767861262186,Sunny,Day,0.01228298611111111,24.56597222222222,,25.120921000052476,manual
1767861262216,Sunny,Day,0.013802083333333333,27.604166666666664,,25.101459001234616,manual
1767861262249,Sunny,Day,0.01154513888888889,23.09027777777778,,27.514813000379945,manual
1767861262279,Sunny,Day,0.012109375,24.21875,,25.48891300102696,manual
1767861262311,Sunny,Day,0.014149305555555556,28.29861111111111,,26.82201300012821,manual
1767861262342,Sunny,Day,0.013064236111111112,26.12847222222222,,26.337191000493476,manual
1767861262373,Sunny,Day,0.012065972222222223,24.131944444444446,,26.57924100094533,manual
1767861262405,Sunny,Day,0.014800347222222222,29.600694444444443,,26.49948399994173,manual
1767861262436,Sunny,Day,0.012326388888888888,24.65277777777778,,26.714423000157694,manual
1767861262467,Sunny,Day,0.013888888888888888,27.777777777777775,,26.814328999535064,manual
1767861262499,Sunny,Day,0.012109375,24.21875,,25.93077399978938,manual
1767861262530,Sunny,Day,0.012413194444444444,24.826388888888886,,21.858027999769547,manual
1767861262566,Sunny,Day,0.014366319444444444,28.732638888888886,,31.68139099943801,manual
1767861262594,Sunny,Day,0.014583333333333334,29.166666666666668,,23.105483000108507,manual
1767861262625,Sunny,Day,0.012543402777777778,25.086805555555557,,25.27354700032447,manual
1767861262657,Sunny,Day,0.014453125,28.90625,,28.23289099978865,manual
1767861262688,Sunny,Day,0.01384548611111111,27.69097222222222,,22.574679000172182,manual
1767861262720,Sunny,Day,0.013541666666666667,27.083333333333336,,18.392454998320318,manual
1767861262754,Sunny,Day,0.012413194444444444,24.826388888888886,,25.042273999133613,manual
1767861262784,Sunny,Day,0.013585069444444445,27.17013888888889,,13.657149000209756,manual
1767861262815,Sunny,Day,0.012369791666666666,24.739583333333332,,14.988601998993545,manual
1767861262847,Sunny,Day,0.01349826388888889,26.99652777777778,,18.520544999773847,manual
1767861262878,Sunny,Day,0.014192708333333333,28.385416666666668,,13.977198999782559,manual
1767861262909,Sunny,Day,0.01484375,29.6875,,13.795220998872537,manual
1767861262941,Sunny,Day,0.013628472222222222,27.256944444444446,,19.75840699924447,manual
1767861262974,Sunny,Day,0.013932291666666667,27.864583333333336,,19.368081999346032,manual
1767861263007,Sunny,Day,0.011371527777777777,22.743055555555554,,20.5190760007099,manual
1767861263034,Sunny,Day,0.013411458333333333,26.822916666666664,,15.153155000007246,manual
1767861263070,Sunny,Day,0.010980902777777777,21.961805555555554,,24.715004001336638,manual
1767861263098,Sunny,Day,0.01697048611111111,33.94097222222222,,14.717793999807327,manual
1767861263129,Sunny,Day,0.014756944444444444,29.51388888888889,,19.452025000646245,manual
1767861263161,Sunny,Day,0.013064236111111112,26.12847222222222,,23.240295000505284,manual
1767861263192,Sunny,Day,0.013151041666666667,26.302083333333332,,21.97691499895882,manual
1767861263225,Sunny,Day,0.012847222222222222,25.694444444444443,,21.055896999314427,manual
1767861263257,Sunny,Day,0.013194444444444444,26.38888888888889,,22.342017999108066,manual
1767861263286,Sunny,Day,0.014279513888888888,28.55902777777778,,20.77027399900544,manual
1767861263318,Sunny,Day,0.011111111111111112,22.22222222222222,,22.12085599967395,manual
1767861263349,Sunny,Day,0.015538194444444445,31.07638888888889,,21.82667699889862,manual
1767861263380,Sunny,Day,0.012456597222222223,24.913194444444446,,23.341755999354064,manual
1767861263413,Sunny,Day,0.014453125,28.90625,,23.473863999242894,manual
1767861263443,Sunny,Day,0.013932291666666667,27.864583333333336,,19.457358001091052,manual
1767861263475,Sunny,Day,0.0140625,28.125,,21.370538999690325,manual
1767861263507,Sunny,Day,0.012630208333333334,25.260416666666668,,17.209072999321506,manual
1767861263537,Sunny,Day,0.014279513888888888,28.55902777777778,,14.768737000849796,manual
1767861263570,Sunny,Day,0.013194444444444444,26.38888888888889,,20.27633999932732,manual
1767861263602,Sunny,Day,0.01328125,26.5625,,19.508561001202906,manual
1767861263631,Sunny,Day,0.0125,25.0,,17.64887899844325,manual
1767861263662,Sunny,Day,0.013194444444444444,26.38888888888889,,18.80766799877165,manual
1767861263694,Sunny,Day,0.012630208333333334,25.260416666666668,,21.023380000769976,manual
1767861263725,Sunny,Day,0.013454861111111112,26.909722222222225,,20.47813299941481,manual
1767861263757,Sunny,Day,0.012065972222222223,24.131944444444446,,19.59746600005019,manual
1767861263789,Sunny,Day,0.014713541666666666,29.427083333333332,,19.633410000096774,manual
1767861263820,Sunny,Day,0.01349826388888889,26.99652777777778,,17.931780001163133,manual
1767861263851,Sunny,Day,0.012673611111111111,25.34722222222222,,19.420209999225335,manual
1767861263882,Sunny,Day,0.012760416666666666,25.520833333333332,,22.313444000246818,manual
1767861263915,Sunny,Day,0.013715277777777778,27.430555555555554,,22.582272000363446,manual
1767861263947,Sunny,Day,0.012890625,25.78125,,21.179616998779238,manual
1767861263977,Sunny,Day,0.013368055555555555,26.73611111111111,,21.2389490006899,manual
1767861264008,Sunny,Day,0.01189236111111111,23.78472222222222,,22.51492199866334,manual
1767861264041,Sunny,Day,0.01597222222222222,31.944444444444443,,21.86375100063742,manual
1767861264071,Sunny,Day,0.012543402777777778,25.086805555555557,,20.881919999737875,manual
1767861264103,Sunny,Day,0.013802083333333333,27.604166666666664,,26.98217699980887,manual
1767861264135,Sunny,Day,0.014583333333333334,29.166666666666668,,25.71635200001765,manual
1767861264166,Sunny,Day,0.013888888888888888,27.777777777777775,,17.164685001262114,manual
1767861264200,Sunny,Day,0.013932291666666667,27.864583333333336,,25.650243000200135,manual
1767861264229,Sunny,Day,0.015842013888888888,31.684027777777775,,19.79194399973494,manual
1767861264261,Sunny,Day,0.012239583333333333,24.479166666666668,,23.593842999616754,manual
1767861264292,Sunny,Day,0.016276041666666668,32.552083333333336,,21.27792999999656,manual
1767861264323,Sunny,Day,0.012977430555555556,25.954861111111114,,21.044731000074535,manual
1767861264354,Sunny,Day,0.015928819444444443,31.857638888888886,,20.905012001094292,manual
1767861264385,Sunny,Day,0.01349826388888889,26.99652777777778,,21.824567000294337,manual
1767861264415,Sunny,Day,0.015147569444444444,30.29513888888889,,19.414506999964942,manual
1767861264446,Sunny,Day,0.014019097222222223,28.038194444444446,,18.48106399847893,manual
1767861264477,Sunny,Day,0.014366319444444444,28.732638888888886,,21.56584899967129,manual
1767861264509,Sunny,Day,0.013888888888888888,27.777777777777775,,21.172172000660794,manual
1767861264542,Sunny,Day,0.015277777777777777,30.555555555555554,,26.13939899856632,manual
1767861264571,Sunny,Day,0.015190972222222222,30.381944444444443,,22.259000999838463,manual
1767861264606,Sunny,Day,0.018012152777777776,36.02430555555555,,27.995988000839134,manual
1767861264635,Sunny,Day,0.012760416666666666,25.520833333333332,,21.912545000304817,manual
1767861264666,Sunny,Day,0.016015625,32.03125,,23.28086799934681,manual
1767861264698,Sunny,Day,0.013758680555555555,27.51736111111111,,27.23711600083334,manual
1767861264730,Sunny,Day,0.01675347222222222,33.50694444444444,,21.44646300075692,manual
1767861264761,Sunny,Day,0.014930555555555556,29.861111111111114,,23.21927600132767,manual
1767861264792,Sunny,Day,0.014713541666666666,29.427083333333332,,24.081554998701904,manual
1767861264823,Sunny,Day,0.014366319444444444,28.732638888888886,,24.834742000166443,manual
1767861264854,Sunny,Day,0.016145833333333335,32.29166666666667,,23.190091998912976,manual
1767861264885,Sunny,Day,0.01423611111111111,28.47222222222222,,21.656883998730336,manual
1767861264918,Sunny,Day,0.015711805555555555,31.42361111111111,,25.843812998573412,manual
1767861264949,Sunny,Day,0.012456597222222223,24.913194444444446,,23.843818999012,manual
1767861264979,Sunny,Day,0.014409722222222223,28.819444444444446,,24.004852999496507,manual
1767861265013,Sunny,Day,0.013585069444444445,27.17013888888889,,27.725384001314524,manual
1767861265043,Sunny,Day,0.01740451388888889,34.80902777777778,,18.199088999608648,manual
1767861265076,Sunny,Day,0.012803819444444444,25.60763888888889,,23.34692200020072,manual
1767861265108,Sunny,Day,0.015625,31.25,,23.619193998456467,manual
1767861265139,Sunny,Day,0.015711805555555555,31.42361111111111,,19.95347699994454,manual
1767861265168,Sunny,Day,0.013715277777777778,27.430555555555554,,19.93055100138008,manual
1767861265199,Sunny,Day,0.014366319444444444,28.732638888888886,,21.514146999834338,manual
1767861265231,Sunny,Day,0.015885416666666666,31.770833333333332,,18.89362899964908,manual
1767861265264,Sunny,Day,0.015147569444444444,30.29513888888889,,22.892246999617782,manual
1767861265293,Sunny,Day,0.016145833333333335,32.29166666666667,,22.958542000196758,manual
1767861265325,Sunny,Day,0.014192708333333333,28.385416666666668,,25.280010000642505,manual
1767861265356,Sunny,Day,0.01657986111111111,33.15972222222222,,24.759780000749743,manual
1767861265388,Sunny,Day,0.013151041666666667,26.302083333333332,,24.397307000981527,manual
1767861265419,Sunny,Day,0.015711805555555555,31.42361111111111,,24.90631399996346,manual
1767861265452,Sunny,Day,0.015277777777777777,30.555555555555554,,25.65252099884674,manual
1767861265482,Sunny,Day,0.014887152777777777,29.774305555555554,,21.429314998385962,manual
1767861265514,Sunny,Day,0.014322916666666666,28.645833333333332,,25.53967099993315,manual
1767861265545,Sunny,Day,0.018489583333333334,36.979166666666664,,22.55740200052969,manual
1767861265577,Sunny,Day,0.013454861111111112,26.909722222222225,,25.36536099978548,manual
1767861265607,Sunny,Day,0.01328125,26.5625,,24.234791999333538,manual
1767861265640,Sunny,Day,0.012630208333333334,25.260416666666668,,25.87297900026897,manual
1767861265671,Sunny,Day,0.014279513888888888,28.55902777777778,,24.04464699975506,manual
1767861265702,Sunny,Day,0.014539930555555556,29.07986111111111,,24.635136000142666,manual
1767861265734,Sunny,Day,0.017491319444444445,34.98263888888889,,25.980569000239484,manual
1767861265765,Sunny,Day,0.013628472222222222,27.256944444444446,,24.209182000049623,manual
1767861265796,Sunny,Day,0.014019097222222223,28.038194444444446,,24.716002999412012,manual
1767861265828,Sunny,Day,0.013368055555555555,26.73611111111111,,25.667669000540627,manual
1767861265861,Sunny,Day,0.013802083333333333,27.604166666666664,,23.033039999063476,manual
1767861265890,Sunny,Day,0.014019097222222223,28.038194444444446,,22.998319000180345,manual
1767861265923,Sunny,Day,0.01506076388888889,30.12152777777778,,25.78479600015271,manual
1767861265953,Sunny,Day,0.012630208333333334,25.260416666666668,,23.76202400046168,manual
1767861265984,Sunny,Day,0.013715277777777778,27.430555555555554,,25.072033999094856,manual
1767861266015,Sunny,Day,0.012803819444444444,25.60763888888889,,24.149126998963766,manual
1767861266048,Sunny,Day,0.016276041666666668,32.552083333333336,,25.589189001038903,manual
1767861266081,Sunny,Day,0.013368055555555555,26.73611111111111,,26.369004999651224,manual
1767861266110,Sunny,Day,0.014930555555555556,29.861111111111114,,22.17409500008216,manual
1767861266141,Sunny,Day,0.014670138888888889,29.34027777777778,,25.281455000367714,manual
1767861266173,Sunny,Day,0.01545138888888889,30.90277777777778,,24.758650999501697,manual
1767861266204,Sunny,Day,0.013064236111111112,26.12847222222222,,23.984760000530514,manual
1767861266236,Sunny,Day,0.014322916666666666,28.645833333333332,,25.348712999402778,manual
1767861266269,Sunny,Day,0.013368055555555555,26.73611111111111,,26.88012399994477,manual
1767861266298,Sunny,Day,0.015711805555555555,31.42361111111111,,21.848307000254863,manual
1767861266332,Sunny,Day,0.01384548611111111,27.69097222222222,,27.429556001152378,manual
1767861266361,Sunny,Day,0.014149305555555556,28.29861111111111,,22.944154001379502,manual
1767861266393,Sunny,Day,0.01189236111111111,23.78472222222222,,24.107516999720247,manual
1767861266424,Sunny,Day,0.014366319444444444,28.732638888888886,,24.671264000062365,manual
1767861266455,Sunny,Day,0.014670138888888889,29.34027777777778,,24.60202500151354,manual
1767861266487,Sunny,Day,0.016102430555555554,32.20486111111111,,26.710534999438096,manual
1767861266518,Sunny,Day,0.013541666666666667,27.083333333333336,,25.33341699927405,manual
1767861266550,Sunny,Day,0.013454861111111112,26.909722222222225,,24.881258999812417,manual
1767861266581,Sunny,Day,0.013454861111111112,26.909722222222225,,24.747448000198347,manual
1767861266612,Sunny,Day,0.014626736111111111,29.25347222222222,,25.020774999575224,manual
1767861266645,Sunny,Day,0.013888888888888888,27.777777777777775,,29.705730001296615,manual
1767861266676,Sunny,Day,0.01384548611111111,27.69097222222222,,19.785276999755297,manual
1767861266709,Sunny,Day,0.012109375,24.21875,,26.87158700064174,manual
1767861266739,Sunny,Day,0.013932291666666667,27.864583333333336,,23.26205400095205,manual
1767861266770,Sunny,Day,0.013932291666666667,27.864583333333336,,19.82244200007699,manual
1767861266802,Sunny,Day,0.013237847222222222,26.475694444444443,,22.806564000347862,manual
1767861266832,Sunny,Day,0.012977430555555556,25.954861111111114,,23.10668700010865,manual
1767861266865,Sunny,Day,0.014583333333333334,29.166666666666668,,26.04371500092384,manual
1767861266895,Sunny,Day,0.015017361111111112,30.03472222222222,,24.377974001254188,manual
1767861266926,Sunny,Day,0.015190972222222222,30.381944444444443,,24.669059999723686,manual
1767861266958,Sunny,Day,0.011501736111111112,23.003472222222225,,24.761594999290537,manual
1767861266990,Sunny,Day,0.014366319444444444,28.732638888888886,,23.73457999965467,manual
1767861267022,Sunny,Day,0.016102430555555554,32.20486111111111,,25.13145699958841,manual
1767861267054,Sunny,Day,0.013715277777777778,27.430555555555554,,24.386140999922645,manual
1767861267085,Sunny,Day,0.010980902777777777,21.961805555555554,,21.787808000226505,manual
1767861267115,Sunny,Day,0.01644965277777778,32.89930555555556,,23.480826001105015,manual
1767861267148,Sunny,Day,0.014800347222222222,29.600694444444443,,29.674526000235346,manual
1767861267179,Sunny,Day,0.016189236111111113,32.37847222222223,,22.519218000525143,manual
1767861267209,Sunny,Day,0.01506076388888889,30.12152777777778,,22.930376000658725,manual
1767861267240,Sunny,Day,0.025694444444444443,51.388888888888886,-25.0,23.51927100062312,manual
1767861267273,Sunny,Day,0.02578125,51.5625,-19.0,26.26000700001896,manual
1767861267303,Sunny,Day,0.027777777777777776,55.55555555555555,-20.0,23.785968000083813,manual
1767861267335,Sunny,Day,0.025303819444444445,50.60763888888889,-23.0,25.010794000991154,manual
1767861267366,Sunny,Day,0.024652777777777777,49.30555555555556,-15.0,24.554210998758208,manual
1767861267397,Sunny,Day,0.026258680555555556,52.517361111111114,-12.0,24.423398999715573,manual
1767861267429,Sunny,Day,0.028559027777777777,57.11805555555556,-17.0,25.305379998826538,manual
1767861267462,Sunny,Day,0.023394097222222222,46.78819444444444,,26.027216999864322,manual
1767861267492,Sunny,Day,0.025434027777777778,50.86805555555556,-5.0,23.562936001326307,manual
1767861267523,Sunny,Day,0.026041666666666668,52.083333333333336,6.0,23.919187999126734,manual
1767861267556,Sunny,Day,0.029991319444444445,59.98263888888889,-13.0,25.70907500012254,manual
1767861267586,Sunny,Day,0.0265625,53.125,3.0,21.701494000808452,manual
1767861267617,Sunny,Day,0.02829861111111111,56.59722222222222,-4.0,28.4261279994098,manual
1767861267651,Sunny,Day,0.024131944444444445,48.26388888888889,10.0,24.594099000751157,manual
1767861267681,Sunny,Day,0.026605902777777777,53.21180555555556,8.0,22.968503999436507,manual
1767861267711,Sunny,Day,0.019487847222222222,38.97569444444444,,23.68102699983865,manual
1767861267743,Sunny,Day,0.02282986111111111,45.65972222222222,11.0,24.506248999387026,manual
1767861267776,Sunny,Day,0.020616319444444444,41.232638888888886,,26.42828100033512,manual
1767861267806,Sunny,Day,0.020572916666666666,41.145833333333336,,23.405346999425092,manual
1767861267837,Sunny,Day,0.020225694444444445,40.45138888888889,,24.67056000023149,manual
1767861267868,Sunny,Day,0.018619791666666666,37.239583333333336,,24.802927999189706,manual
1767861267901,Sunny,Day,0.018489583333333334,36.979166666666664,,25.52350500081957,manual
1767861267932,Sunny,Day,0.021614583333333333,43.229166666666664,,24.478732000716263,manual
1767861267964,Sunny,Day,0.01853298611111111,37.06597222222222,,24.754688998655183,manual
1767861267999,Sunny,Day,0.025303819444444445,50.60763888888889,,28.319480999925872,manual
1767861268025,Sunny,Day,0.02035590277777778,40.71180555555556,,19.73881499907293,manual
1767861268057,Sunny,Day,0.021006944444444446,42.01388888888889,,25.07397800036415,manual
1767861268088,Sunny,Day,0.020052083333333335,40.10416666666667,,23.617304999788757,manual
1767861268123,Sunny,Day,0.021875,43.75,,25.74837099928118,manual
1767861268151,Sunny,Day,0.01796875,35.9375,,20.12438000019756,manual
1767861268182,Sunny,Day,0.021484375,42.96875,12.0,25.13786499912385,manual
1767861268215,Sunny,Day,0.020052083333333335,40.10416666666667,,25.163753000015276,manual
1767861268246,Sunny,Day,0.02282986111111111,45.65972222222222,13.0,24.63908000027004,manual
1767861268276,Sunny,Day,0.01853298611111111,37.06597222222222,,22.87680200061004,manual
1767861268308,Sunny,Day,0.019227430555555557,38.454861111111114,,25.043977999303024,manual
1767861268339,Sunny,Day,0.01840277777777778,36.80555555555556,,25.008312999489135,manual
1767861268373,Sunny,Day,0.02230902777777778,44.61805555555556,,27.079490000687656,manual
1767861268402,Sunny,Day,0.018619791666666666,37.239583333333336,,23.06415100065351,manual
1767861268433,Sunny,Day,0.021918402777777776,43.83680555555555,,24.768779998339596,manual
1767861268465,Sunny,Day,0.019270833333333334,38.54166666666667,,24.97548000064853,manual
1767861268498,Sunny,Day,0.02282986111111111,45.65972222222222,,26.791385000251466,manual
1767861268529,Sunny,Day,0.01657986111111111,33.15972222222222,,27.590089999648626,auto
1767861268560,Sunny,Day,0.019097222222222224,38.19444444444445,,20.630757999242633,auto
1767861268591,Sunny,Day,0.018272569444444445,36.54513888888889,,23.559416998978122,auto
1767861268622,Sunny,Day,0.021961805555555554,43.92361111111111,,24.66635699965991,auto
1767861268654,Sunny,Day,0.019010416666666665,38.02083333333333,,24.431602001641295,auto
1767861268685,Sunny,Day,0.019574652777777778,39.14930555555556,,24.693855999430525,auto
1767861268720,Sunny,Day,0.019965277777777776,39.93055555555555,,27.725826999812853,auto
1767861268750,Sunny,Day,0.020269097222222223,40.53819444444444,,22.985041001447826,auto
1767861268781,Sunny,Day,0.020052083333333335,40.10416666666667,,24.071221001577214,auto
1767861268811,Sunny,Day,0.021484375,42.96875,,23.51132600051642,auto
1767861268842,Sunny,Day,0.018142361111111113,36.28472222222223,,23.717969999779598,auto
1767861268873,Sunny,Day,0.020442708333333334,40.885416666666664,,24.143053999068798,auto
1767861268909,Sunny,Day,0.01740451388888889,34.80902777777778,,28.7523790011619,auto
1767861268939,Sunny,Day,0.019965277777777776,39.93055555555555,,21.88897199994244,auto
1767861268968,Sunny,Day,0.019227430555555557,38.454861111111114,,21.199042999796802,auto
1767861268999,Sunny,Day,0.020008680555555554,40.01736111111111,,23.833577999539557,auto
1767861269031,Sunny,Day,0.021267361111111112,42.53472222222222,14.0,24.215680999986944,auto
1767861269062,Sunny,Day,0.01870659722222222,37.41319444444444,,23.405014000672963,auto
1767861269093,Sunny,Day,0.020442708333333334,40.885416666666664,,24.571081001340644,auto
1767861269125,Sunny,Day,0.02456597222222222,49.13194444444444,,25.080589000936016,auto
1767861269156,Sunny,Day,0.016796875,33.59375,,24.765799000306288,auto
1767861269189,Sunny,Day,0.019010416666666665,38.02083333333333,,23.946891000377946,auto
1767861269221,Sunny,Day,0.019097222222222224,38.19444444444445,,24.582005999036483,auto
1767861269250,Sunny,Day,0.019227430555555557,38.454861111111114,,22.243279998292564,auto
1767861269281,Sunny,Day,0.01892361111111111,37.84722222222222,,24.17347800110292,auto
1767861269314,Sunny,Day,0.02265625,45.3125,13.0,25.691668000945356,auto
1767861269345,Sunny,Day,0.01792534722222222,35.85069444444444,,23.07241000016802,auto
1767861269379,Sunny,Day,0.02013888888888889,40.27777777777778,,27.52866599985282,auto
1767861269411,Sunny,Day,0.025694444444444443,51.388888888888886,6.0,22.32603700031177,auto
1767861269443,Sunny,Day,0.024348958333333334,48.697916666666664,12.0,20.014030998936505,auto
1767861269472,Sunny,Day,0.01723090277777778,34.46180555555556,,18.37369600070815,auto
1767861269503,Sunny,Day,0.02087673611111111,41.75347222222222,,21.638847998474375,auto
1767861269538,Sunny,Day,0.01579861111111111,31.59722222222222,,27.037415999075165,auto
1767861269567,Sunny,Day,0.022960069444444446,45.92013888888889,,20.30515400110744,auto
1767861269599,Sunny,Day,0.01723090277777778,34.46180555555556,,23.38266300102987,auto
1767861269629,Sunny,Day,0.01723090277777778,34.46180555555556,,21.870972999749938,auto
1767861269660,Sunny,Day,0.016015625,32.03125,,21.722216999478405,auto
1767861269692,Sunny,Day,0.019618055555555555,39.23611111111111,,22.190743999090046,auto
1767861269724,Sunny,Day,0.017144097222222224,34.28819444444445,,24.855925999872852,auto
1767861269755,Sunny,Day,0.016927083333333332,33.854166666666664,,17.770153999663307,auto
1767861269786,Sunny,Day,0.01796875,35.9375,,21.664718000465655,auto
1767861269817,Sunny,Day,0.020008680555555554,40.01736111111111,,23.024022000754485,auto
1767861269849,Sunny,Day,0.018967013888888887,37.93402777777777,,15.59168200037675,auto
1767861269881,Sunny,Day,0.016796875,33.59375,,14.957343999412842,auto
1767861269913,Sunny,Day,0.015017361111111112,30.03472222222222,,24.12679400003981,auto
1767861269943,Sunny,Day,0.017144097222222224,34.28819444444445,,21.802065999509068,auto
1767861269975,Sunny,Day,0.017447916666666667,34.895833333333336,,23.229701999298413,auto
1767861270007,Sunny,Day,0.018793402777777777,37.58680555555556,,24.4943420002528,auto
1767861270037,Sunny,Day,0.017578125,35.15625,,21.088674999191426,auto
1767861270069,Sunny,Day,0.016883680555555555,33.76736111111111,,24.163775000488386,auto
1767861270100,Sunny,Day,0.015364583333333333,30.729166666666664,,21.448408000651398,auto
1767861270132,Sunny,Day,0.018663194444444444,37.326388888888886,,22.85148899863998,auto
1767861270166,Sunny,Day,0.01657986111111111,33.15972222222222,,23.705895999228233,auto
1767861270195,Sunny,Day,0.018663194444444444,37.326388888888886,,18.5086190012953,auto
1767861270227,Sunny,Day,0.015711805555555555,31.42361111111111,,24.122775999785517,auto
1767861270257,Sunny,Day,0.017534722222222222,35.06944444444444,,15.752048999274848,auto
1767861270289,Sunny,Day,0.016536458333333334,33.072916666666664,,14.53837100052624,auto
1767861270320,Sunny,Day,0.018446180555555556,36.892361111111114,,21.10667400120292,auto
1767861270352,Sunny,Day,0.01579861111111111,31.59722222222222,,16.620882001006976,auto
1767861270382,Sunny,Day,0.019270833333333334,38.54166666666667,,15.91471299980185,auto
1767861270416,Sunny,Day,0.018880208333333332,37.760416666666664,,25.60328100116749,auto
1767861270446,Sunny,Day,0.017144097222222224,34.28819444444445,,21.447925999382278,auto
1767861270481,Sunny,Day,0.01644965277777778,32.89930555555556,,26.48591000070155,auto
1767861270509,Sunny,Day,0.020095486111111113,40.19097222222223,,19.127125000522938,auto
1767861270541,Sunny,Day,0.01675347222222222,33.50694444444444,,22.71836100044311,auto
1767861270575,Sunny,Day,0.01857638888888889,37.15277777777778,,22.147393001432647,auto
1767861270604,Sunny,Day,0.01697048611111111,33.94097222222222,,25.14949400028854,manual
1767861270633,Sunny,Day,0.021223958333333334,42.44791666666667,,17.133889999968233,manual
1767861270666,Sunny,Day,0.018315972222222223,36.63194444444444,,20.173158000034164,manual
1767861270696,Sunny,Day,0.01623263888888889,32.46527777777778,,21.629236998705892,manual
1767861270727,Sunny,Day,0.015494791666666667,30.989583333333336,,23.48592000089411,manual
1767861270758,Sunny,Day,0.019314236111111112,38.62847222222222,,23.456733999410062,manual
1767861270791,Sunny,Day,0.016362847222222223,32.72569444444444,,24.72820700131706,manual
1767861270824,Sunny,Day,0.02048611111111111,40.97222222222222,,23.939575999975204,manual
1767861270853,Sunny,Day,0.017361111111111112,34.72222222222222,,20.603462999133626,manual
1767861270885,Sunny,Day,0.017664930555555555,35.32986111111111,,23.22464700046112,manual
1767861270917,Sunny,Day,0.01723090277777778,34.46180555555556,,20.95991900023364,manual
1767861270952,Sunny,Day,0.02013888888888889,40.27777777777778,,26.109862999874167,manual
1767861270979,Sunny,Day,0.01870659722222222,37.41319444444444,,18.715521999183693,manual
1767861271010,Sunny,Day,0.018098958333333335,36.19791666666667,,23.109186000510817,manual
1767861271041,Sunny,Day,0.01597222222222222,31.944444444444443,,26.666110001315246,manual
1767861271073,Sunny,Day,0.022005208333333335,44.01041666666667,,19.85205300115922,manual
1767861271105,Sunny,Day,0.01796875,35.9375,,21.063583000795916,manual
1767861271136,Sunny,Day,0.022178819444444445,44.35763888888889,,23.15588900091825,manual
1767861271168,Sunny,Day,0.0234375,46.875,6.0,23.572677000629483,manual
1767861271200,Sunny,Day,0.027821180555555554,55.64236111111111,3.0,22.85922900045989,manual
1767861271234,Sunny,Day,0.022873263888888887,45.74652777777777,,22.482700000182376,manual
1767861271264,Sunny,Day,0.024956597222222224,49.91319444444445,,20.947344000887824,manual
1767861271295,Sunny,Day,0.022916666666666665,45.83333333333333,,21.484758999577025,manual
1767861271324,Sunny,Day,0.026258680555555556,52.517361111111114,,21.525906000533723,manual
1767861271358,Sunny,Day,0.02248263888888889,44.96527777777778,,25.02114599883498,manual
1767861271388,Sunny,Day,0.025434027777777778,50.86805555555556,,20.830753999689477,manual
1767861271419,Sunny,Day,0.02443576388888889,48.87152777777778,,21.858972999325488,manual
1767861271449,Sunny,Day,0.03146701388888889,62.93402777777778,,22.86280299995269,manual
1767861271482,Sunny,Day,0.027300347222222222,54.60069444444444,,24.357790000067325,manual
1767861271513,Sunny,Day,0.029817708333333335,59.63541666666667,-25.0,22.237983999730204,manual
1767861271544,Sunny,Day,0.027083333333333334,54.16666666666667,-14.0,23.12566799992055,manual
1767861271576,Sunny,Day,0.026866319444444446,53.73263888888889,,23.318478000874165,manual
1767861271607,Sunny,Day,0.025694444444444443,51.388888888888886,-28.0,21.76419700117549,manual
1767861271640,Sunny,Day,0.026085069444444445,52.17013888888889,,24.58359899901552,manual
1767861271671,Sunny,Day,0.0265625,53.125,-30.0,23.049596000419115,manual
1767861271703,Sunny,Day,0.026432291666666666,52.864583333333336,,23.639156999706756,manual
1767861271735,Sunny,Day,0.02634548611111111,52.69097222222222,-31.0,23.211794999951962,manual
1767861271765,Sunny,Day,0.02734375,54.6875,-36.0,21.31716999974742,manual
1767861271795,Sunny,Day,0.02751736111111111,55.03472222222222,,21.729031001086696,manual
1767861271828,Sunny,Day,0.027039930555555557,54.079861111111114,,21.48155600116297,manual
1767861271858,Sunny,Day,0.027213541666666667,54.427083333333336,,21.689921000870527,manual
1767861271890,Sunny,Day,0.029253472222222222,58.50694444444444,,23.972020000655903,manual
1767861271921,Sunny,Day,0.030598958333333332,61.197916666666664,,21.960137000860414,manual
1767861271953,Sunny,Day,0.031510416666666666,63.02083333333333,,19.974401999206748,manual
1767861271985,Sunny,Day,0.034678819444444446,69.35763888888889,-54.0,23.392551000142703,manual
1767861272016,Sunny,Day,0.028515625,57.03125,,21.72634599992307,manual
1767861272050,Sunny,Day,0.031163194444444445,62.32638888888889,,28.220316999068018,manual
1767861272079,Sunny,Day,0.028732638888888887,57.46527777777777,,16.139707000547787,manual
1767861272111,Sunny,Day,0.03302951388888889,66.05902777777779,-58.0,23.31466299983731,manual
1767861272141,Sunny,Day,0.03884548611111111,77.69097222222223,-64.0,21.684088000256452,manual
1767861272173,Sunny,Day,0.03615451388888889,72.30902777777779,-53.0,23.75628399931884,manual
1767861272204,Sunny,Day,0.03888888888888889,77.77777777777779,-50.0,22.223595000468777,manual
1767861272236,Sunny,Day,0.03428819444444445,68.5763888888889,-46.0,22.72867600004247,manual
1767861272267,Sunny,Day,0.03480902777777778,69.61805555555556,-47.0,22.78397100053553,manual
1767861272299,Sunny,Day,0.03446180555555556,68.92361111111111,,23.52241899825458,manual
1767861272329,Sunny,Day,0.03502604166666667,70.05208333333333,,21.58999700077402,manual
1767861272361,Sunny,Day,0.03650173611111111,73.00347222222223,,21.95159999973839,manual
1767861272392,Sunny,Day,0.04071180555555556,81.42361111111111,-37.0,22.612382999795955,manual
1767861272423,Sunny,Day,0.04136284722222222,82.72569444444444,,23.02629999940109,manual
1767861272457,Sunny,Day,0.04435763888888889,88.71527777777779,-27.0,25.224289000107092,manual
1767861272486,Sunny,Day,0.037890625,75.78125,-28.0,21.544016999541782,manual
1767861272518,Sunny,Day,0.03888888888888889,77.77777777777779,-34.0,23.535843998615746,manual
1767861272549,Sunny,Day,0.03706597222222222,74.13194444444444,-17.0,22.10541200111038,manual
1767861272580,Sunny,Day,0.03910590277777778,78.21180555555556,-14.0,23.32701600062137,manual
1767861272614,Sunny,Day,0.038975694444444445,77.95138888888889,-17.0,19.904515000234824,manual
1767861272645,Sunny,Day,0.033984375,67.96875,-13.0,22.740953998436453,manual
1767861272675,Sunny,Day,0.031206597222222222,62.41319444444444,-6.0,20.913197000481887,manual
1767861272708,Sunny,Day,0.03394097222222222,67.88194444444444,-3.0,25.471228000242263,manual
1767861272738,Sunny,Day,0.03680555555555556,73.61111111111111,2.0,19.919126001695986,manual
1767861272769,Sunny,Day,0.03958333333333333,79.16666666666666,7.0,22.681548000036855,manual
1767861272802,Sunny,Day,0.042144097222222225,84.28819444444446,8.0,24.16857199932565,manual
1767861272832,Sunny,Day,0.04934895833333333,98.69791666666666,,21.395630999904824,manual
1767861272866,Sunny,Day,0.03993055555555555,79.8611111111111,28.0,24.981073000162723,manual
1767861272896,Sunny,Day,0.03420138888888889,68.40277777777779,18.0,21.538053999393014,manual
1767861272927,Sunny,Day,0.03984375,79.6875,19.0,23.411866000969894,manual
1767861272957,Sunny,Day,0.05177951388888889,100.0,20.0,21.22072800011665,manual
1767861272990,Sunny,Day,0.04578993055555555,91.5798611111111,27.0,23.680656000578892,manual
1767861273021,Sunny,Day,0.046484375,92.96875,27.0,20.83508699979575,manual
1767861273053,Sunny,Day,0.04578993055555555,91.5798611111111,29.0,24.08657299929473,manual
1767861273082,Sunny,Day,0.04431423611111111,88.62847222222223,28.0,20.19273199948657,manual
1767861273114,Sunny,Day,0.04522569444444444,90.45138888888889,32.0,23.6227309997048,manual
1767861273145,Sunny,Day,0.033289930555555555,66.57986111111111,32.0,20.454929001061828,manual
1767861273177,Sunny,Day,0.030512152777777777,61.02430555555556,33.0,22.433609001382138,manual
1767861273209,Sunny,Day,0.031206597222222222,62.41319444444444,35.0,24.249310999948648,manual
1767861273240,Sunny,Day,0.0296875,59.375,37.0,23.078428001099383,manual
1767861273272,Sunny,Day,0.03046875,60.9375,,22.740102000170737,manual
1767861273303,Sunny,Day,0.02868923611111111,57.37847222222222,,23.113019999073003,manual
1767861273336,Sunny,Day,0.02673611111111111,53.47222222222222,,22.580938999453792,manual
1767861273370,Sunny,Day,0.022178819444444445,44.35763888888889,,25.636336000388837,manual
1767861273397,Sunny,Day,0.023914930555555554,47.82986111111111,,18.595192001157557,manual
1767861273429,Sunny,Day,0.021614583333333333,43.229166666666664,,18.86577799996303,manual
1767861273460,Sunny,Day,0.01818576388888889,36.37152777777778,,19.130272001348203,manual
1767861273491,Sunny,Day,0.021701388888888888,43.40277777777778,,18.38726999994833,manual
1767861273523,Sunny,Day,0.02113715277777778,42.27430555555556,,23.559233000923996,manual
1767861273554,Sunny,Day,0.01892361111111111,37.84722222222222,,21.982044001561007,manual
1767861273585,Sunny,Day,0.022048611111111113,44.09722222222223,,21.867695000764797,manual
1767861273617,Sunny,Day,0.015885416666666666,31.770833333333332,,23.682914999881177,manual
1767861273650,Sunny,Day,0.018446180555555556,36.892361111111114,,24.056629999904544,manual
1767861273682,Sunny,Day,0.024348958333333334,48.697916666666664,,22.83106299910287,manual
1767861273711,Sunny,Day,0.02230902777777778,44.61805555555556,,20.832680000239634,manual
1767861273744,Sunny,Day,0.027777777777777776,55.55555555555555,,19.471986999633373,manual
1767861273776,Sunny,Day,0.030034722222222223,60.06944444444444,,22.75778700095543,manual
1767861273805,Sunny,Day,0.028255208333333334,56.510416666666664,,21.140433000255143,manual
1767861273838,Sunny,Day,0.03177083333333333,63.541666666666664,,24.340623000171036,manual
1767861273870,Sunny,Day,0.034765625,69.53125,,22.745583999494556,manual
1767861273900,Sunny,Day,0.04279513888888889,85.59027777777779,-48.0,21.177007000005688,manual
1767861273932,Sunny,Day,0.039496527777777776,78.99305555555556,,22.52329200018721,manual
1767861273962,Sunny,Day,0.03671875,73.4375,,20.765330000358517,manual
1767861273995,Sunny,Day,0.03680555555555556,73.61111111111111,,21.631495999827166,manual
1767861274026,Sunny,Day,0.04066840277777778,81.33680555555556,,22.80411899846513,manual
1767861274058,Sunny,Day,0.047309027777777776,94.61805555555556,-45.0,22.65997399990738,manual
1767861274090,Sunny,Day,0.05186631944444445,100.0,,24.38795600028243,manual
1767861274120,Sunny,Day,0.04848090277777778,96.96180555555556,,22.592753999560955,manual
1767861274151,Sunny,Day,0.05147569444444444,100.0,-44.0,22.62025300115056,manual
1767861274181,Sunny,Day,0.042534722222222224,85.06944444444444,,23.02192900060618,manual
1767861274214,Sunny,Day,0.045703125,91.40625,,23.915576000945293,manual
1767861274246,Sunny,Day,0.037760416666666664,75.52083333333333,,23.181204000138678,manual
1767861274278,Sunny,Day,0.043793402777777775,87.58680555555554,,19.282657998701325,manual
1767861274307,Sunny,Day,0.03394097222222222,67.88194444444444,,20.77121900038037,manual
1767861274339,Sunny,Day,0.02699652777777778,53.99305555555556,,23.411199001202476,manual
1767861274371,Sunny,Day,0.02634548611111111,52.69097222222222,,23.17661099914403,manual
1767861274402,Sunny,Day,0.029730902777777776,59.46180555555555,,19.955236000896548,manual
1767861274435,Sunny,Day,0.03298611111111111,65.97222222222223,,23.29162699970766,manual
1767861274465,Sunny,Day,0.03901909722222222,78.03819444444444,,20.622388999981922,manual
1767861274498,Sunny,Day,0.031727430555555554,63.45486111111111,,23.446846000297228,manual
1767861274528,Sunny,Day,0.02404513888888889,48.09027777777778,,21.970378000332857,manual
1767861274560,Sunny,Day,0.020703125,41.40625,,21.95443399978103,manual
1767861274594,Sunny,Day,0.020572916666666666,41.145833333333336,,24.737540999922203,manual
1767861274621,Sunny,Day,0.02421875,48.4375,,20.109529001274495,manual
1767861274653,Sunny,Day,0.02282986111111111,45.65972222222222,,22.823932999017416,manual
1767861274684,Sunny,Day,0.022352430555555556,44.704861111111114,,27.734586999940802,manual
1767861274717,Sunny,Day,0.026128472222222223,52.25694444444444,,21.434908001538133,manual
1767861274748,Sunny,Day,0.026171875,52.34375,,22.286667001026217,manual
1767861274779,Sunny,Day,0.027473958333333333,54.947916666666664,,22.460793999925954,manual
1767861274810,Sunny,Day,0.024913194444444446,49.82638888888889,,23.15405599983933,manual
1767861274842,Sunny,Day,0.02717013888888889,54.34027777777778,,23.777689999405993,manual
1767861274873,Sunny,Day,0.026692708333333332,53.385416666666664,,20.79301400044642,manual
1767861274906,Sunny,Day,0.027777777777777776,55.55555555555555,,23.915428000691463,manual
1767861274936,Sunny,Day,0.025434027777777778,50.86805555555556,,21.799771000587498,manual
1767861274967,Sunny,Day,0.02578125,51.5625,,23.661637998884544,manual
1767861274998,Sunny,Day,0.023003472222222224,46.00694444444445,,22.336387999530416,manual
1767861275029,Sunny,Day,0.027604166666666666,55.20833333333333,,23.084094000296318,manual
1767861275064,Sunny,Day,0.02621527777777778,52.43055555555556,,24.89168600004632,manual
1767861275094,Sunny,Day,0.027256944444444445,54.51388888888889,,21.242967999569373,manual
1767861275124,Sunny,Day,0.023133680555555557,46.267361111111114,,21.12132300135272,manual
1767861275155,Sunny,Day,0.028211805555555556,56.423611111111114,,23.631065001609386,manual
1767861275187,Sunny,Day,0.02443576388888889,48.87152777777778,,23.33653399909963,manual
1767861275218,Sunny,Day,0.02421875,48.4375,,22.865080998599296,manual
1767861275251,Sunny,Day,0.028776041666666665,57.55208333333333,,24.55934099998558,manual
1767861275281,Sunny,Day,0.029947916666666668,59.895833333333336,,21.414335000372375,manual
1767861275317,Sunny,Day,0.028645833333333332,57.291666666666664,,27.22931999960565,manual
1767861275344,Sunny,Day,0.02964409722222222,59.28819444444444,29.0,17.426809999960824,manual
1767861275376,Sunny,Day,0.027864583333333335,55.72916666666667,32.0,22.21883499987598,manual
1767861275407,Sunny,Day,0.028515625,57.03125,,22.257594999246066,manual
1767861275438,Sunny,Day,0.024869791666666665,49.73958333333333,,20.612221998817404,manual
1767861275470,Sunny,Day,0.030078125,60.15625,,22.71839899913175,manual
1767861275500,Sunny,Day,0.02890625,57.8125,,21.23320900136605,manual
1767861275532,Sunny,Day,0.03298611111111111,65.97222222222223,,23.292978999961633,manual
1767861275564,Sunny,Day,0.033637152777777776,67.27430555555556,-42.0,23.957778999829316,manual
1767861275597,Sunny,Day,0.035416666666666666,70.83333333333333,32.0,24.25906999997096,manual
1767861275626,Sunny,Day,0.03689236111111111,73.78472222222223,31.0,21.45320399904449,manual
1767861275657,Sunny,Day,0.03927951388888889,78.55902777777777,29.0,24.364621998756775,manual
1767861275690,Sunny,Day,0.03502604166666667,70.05208333333333,,22.379905998604954,manual
1767861275722,Sunny,Day,0.03572048611111111,71.44097222222221,-54.0,24.25066199975845,manual
1767861275752,Sunny,Day,0.03511284722222222,70.22569444444444,-55.0,21.44101900012174,manual
1767861275783,Sunny,Day,0.03654513888888889,73.09027777777779,,23.006096000244725,manual
1767861275816,Sunny,Day,0.03337673611111111,66.75347222222221,,23.188389001006726,manual
1767861275846,Sunny,Day,0.03454861111111111,69.09722222222223,-53.0,23.995982000997174,manual
1767861275877,Sunny,Day,0.026041666666666668,52.083333333333336,,19.99242000056256,manual
1767861275908,Sunny,Day,0.027473958333333333,54.947916666666664,-58.0,23.229370000990457,manual
1767861275940,Sunny,Day,0.030034722222222223,60.06944444444444,,23.02487400083919,manual
1767861275971,Sunny,Day,0.03129340277777778,62.58680555555556,-50.0,23.468253000828554,manual
1767861276003,Sunny,Day,0.03459201388888889,69.18402777777779,-49.0,23.847634000048856,manual
1767861276035,Sunny,Day,0.028862847222222224,57.72569444444445,-45.0,22.760713000025135,manual
1767861276066,Sunny,Day,0.03307291666666667,66.14583333333333,-45.0,20.99636200000532,manual
1767861276098,Sunny,Day,0.029253472222222222,58.50694444444444,-45.0,22.723250000126427,manual
1767861276130,Sunny,Day,0.023480902777777778,46.96180555555556,,23.836708000089857,manual
1767861276160,Sunny,Day,0.027864583333333335,55.72916666666667,-7.0,21.952064000288374,manual
1767861276191,Sunny,Day,0.02521701388888889,50.43402777777778,,22.586623999814037,manual
1767861276223,Sunny,Day,0.023394097222222222,46.78819444444444,,23.435234999851673,manual
1767861276254,Sunny,Day,0.029557291666666666,59.11458333333333,0.0,23.30409000023792,manual
1767861276285,Sunny,Day,0.028819444444444446,57.63888888888889,1.0,22.91596900067816,manual
1767861276319,Sunny,Day,0.028428819444444444,56.857638888888886,2.0,25.66981699965254,manual
1767861276349,Sunny,Day,0.029774305555555554,59.54861111111111,4.0,20.66586900036782,manual
1767861276380,Sunny,Day,0.027213541666666667,54.427083333333336,4.0,22.816618999058846,manual
1767861276413,Sunny,Day,0.02816840277777778,56.33680555555556,6.0,24.99558999988949,manual
1767861276443,Sunny,Day,0.027300347222222222,54.60069444444444,6.0,20.662868999352213,manual
1767861276476,Sunny,Day,0.02734375,54.6875,8.0,23.932521000460838,manual
1767861276505,Sunny,Day,0.02621527777777778,52.43055555555556,10.0,20.422151999810012,manual
1767861276538,Sunny,Day,0.025607638888888888,51.21527777777778,9.0,25.32358299868065,manual
1767861276568,Sunny,Day,0.024652777777777777,49.30555555555556,11.0,21.372687000621227,manual
1767861276601,Sunny,Day,0.025607638888888888,51.21527777777778,11.0,25.59426299922052,manual
1767861276631,Sunny,Day,0.024522569444444444,49.045138888888886,13.0,21.559684000749257,manual
1767861276662,Sunny,Day,0.02443576388888889,48.87152777777778,14.0,22.81763700011652,manual
1767861276696,Sunny,Day,0.022743055555555555,45.48611111111111,14.0,24.965386999610928,manual
1767861276729,Sunny,Day,0.0234375,46.875,15.0,28.583216999322758,auto
1767861276757,Sunny,Day,0.022352430555555556,44.704861111111114,15.0,13.351638001040556,auto
1767861276789,Sunny,Day,0.021484375,42.96875,15.0,22.22729899949627,auto
1767861276819,Sunny,Day,0.021701388888888888,43.40277777777778,15.0,21.38116800051648,auto
1767861276850,Sunny,Day,0.024696180555555555,49.39236111111111,13.0,21.883158000491676,auto
1767861276881,Sunny,Day,0.023741319444444443,47.482638888888886,13.0,23.2162590000371,auto
1767861276915,Sunny,Day,0.02599826388888889,51.99652777777778,11.0,25.1989570006117,auto
1767861276948,Sunny,Day,0.02673611111111111,53.47222222222222,10.0,22.864063001179602,auto
1767861276976,Sunny,Day,0.029253472222222222,58.50694444444444,12.0,19.13360500111594,auto
1767861277008,Sunny,Day,0.028559027777777777,57.11805555555556,9.0,23.16105600039009,auto
1767861277040,Sunny,Day,0.0296875,59.375,9.0,21.51131400023587,auto
1767861277072,Sunny,Day,0.02964409722222222,59.28819444444444,7.0,20.132436000494636,auto
1767861277103,Sunny,Day,0.02990451388888889,59.80902777777778,6.0,21.59544200003438,auto
1767861277134,Sunny,Day,0.02834201388888889,56.68402777777778,8.0,21.215950000623707,auto
1767861277165,Sunny,Day,0.026085069444444445,52.17013888888889,7.0,21.803104000355233,auto
1767861277197,Sunny,Day,0.026866319444444446,53.73263888888889,15.0,22.10496800034889,auto
1767861277228,Sunny,Day,0.028819444444444446,57.63888888888889,7.0,21.547202000874677,auto
1767861277259,Sunny,Day,0.029253472222222222,58.50694444444444,3.0,22.94204299869307,auto
1767861277290,Sunny,Day,0.03576388888888889,71.52777777777777,1.0,22.252409000429907,auto
1767861277322,Sunny,Day,0.030555555555555555,61.11111111111111,-1.0,23.15946300041105,auto
1767861277353,Sunny,Day,0.0296875,59.375,,22.280686000158312,auto
1767861277385,Sunny,Day,0.026779513888888887,53.55902777777777,,20.202787000016542,auto
1767861277419,Sunny,Day,0.029036458333333334,58.07291666666667,31.0,25.929182000254514,auto
1767861277448,Sunny,Day,0.025260416666666667,50.520833333333336,18.0,19.727149001482758,auto
1767861277479,Sunny,Day,0.02699652777777778,53.99305555555556,19.0,17.775005999283167,auto
1767861277510,Sunny,Day,0.034722222222222224,69.44444444444444,-5.0,22.04967299985583,auto
1767861277541,Sunny,Day,0.03480902777777778,69.61805555555556,-3.0,22.712677000527037,auto
1767861277573,Sunny,Day,0.03424479166666667,68.48958333333334,-10.0,22.98191199952271,auto
1767861277608,Sunny,Day,0.03233506944444445,64.6701388888889,-10.0,26.980065998941427,auto
1767861277637,Sunny,Day,0.030859375,61.71875,24.0,19.89895900078409,auto
1767861277668,Sunny,Day,0.031727430555555554,63.45486111111111,21.0,21.80706699982693,auto
1767861277699,Sunny,Day,0.028081597222222223,56.16319444444444,,21.283485999447294,auto
1767861277731,Sunny,Day,0.037022569444444445,74.04513888888889,-7.0,19.728612000108114,auto
1767861277764,Sunny,Day,0.04709201388888889,94.18402777777777,-17.0,19.99042100032966,auto
1767861277793,Sunny,Day,0.0328125,65.625,,17.21290700152167,auto
1767861277827,Sunny,Day,0.035633680555555554,71.26736111111111,,25.466246999712894,auto
1767861277855,Sunny,Day,0.03624131944444445,72.4826388888889,-23.0,19.739295999897877,auto
1767861277887,Sunny,Day,0.022786458333333332,45.572916666666664,,22.575736000362667,auto
1767861277919,Sunny,Day,0.028776041666666665,57.55208333333333,,24.292660998980864,auto
1767861277954,Sunny,Day,0.03125,62.5,,26.242916001137928,auto
1767861277982,Sunny,Day,0.02834201388888889,56.68402777777778,,19.39676700021664,auto
1767861278014,Sunny,Day,0.026085069444444445,52.17013888888889,,22.675455000353395,auto
1767861278046,Sunny,Day,0.028645833333333332,57.291666666666664,,21.803529998578597,auto
1767861278080,Sunny,Day,0.026866319444444446,53.73263888888889,,25.43750699987868,auto
1767861278106,Sunny,Day,0.027213541666666667,54.427083333333336,,18.69472700127517,auto
1767861278139,Sunny,Day,0.025347222222222222,50.69444444444444,,23.635175999515923,auto
1767861278172,Sunny,Day,0.028125,56.25,,24.539137999454397,auto
1767861278203,Sunny,Day,0.024131944444444445,48.26388888888889,,23.483827000745805,auto
1767861278233,Sunny,Day,0.019965277777777776,39.93055555555555,,13.857904999895254,auto
1767861278264,Sunny,Day,0.019401041666666667,38.802083333333336,,15.412557000672678,auto
1767861278295,Sunny,Day,0.021788194444444443,43.576388888888886,,19.727500000954024,auto
1767861278326,Sunny,Day,0.02035590277777778,40.71180555555556,,21.68644000084896,auto
1767861278357,Sunny,Day,0.02378472222222222,47.56944444444444,,23.479920000681886,auto
1767861278388,Sunny,Day,0.020616319444444444,41.232638888888886,,24.029648000578163,auto
1767861278418,Sunny,Day,0.021354166666666667,42.708333333333336,,23.996631000045454,auto
1767861278450,Sunny,Day,0.020442708333333334,40.885416666666664,,25.31513899884885,auto
1767861278481,Sunny,Day,0.025390625,50.78125,,24.2375699999684,auto
1767861278513,Sunny,Day,0.022048611111111113,44.09722222222223,,23.489642000640742,auto
1767861278544,Sunny,Day,0.02248263888888889,44.96527777777778,,24.78092899946205,auto
1767861278576,Sunny,Day,0.021875,43.75,,24.07412899992778,auto
1767861278609,Sunny,Day,0.023480902777777778,46.96180555555556,,20.73690399993211,auto
1767861278641,Sunny,Day,0.022786458333333332,45.572916666666664,,23.27805300046748,auto
1767861278670,Sunny,Day,0.02183159722222222,43.66319444444444,,19.61276200017892,auto
1767861278701,Sunny,Day,0.021354166666666667,42.708333333333336,,24.243625999588403,auto
1767861278734,Sunny,Day,0.022178819444444445,44.35763888888889,,25.93856999919808,auto
1767861278764,Sunny,Day,0.020789930555555555,41.57986111111111,,23.648934000448207,auto
1767861278796,Sunny,Day,0.02829861111111111,56.59722222222222,,24.467638999340124,auto
1767861278829,Sunny,Day,0.02109375,42.1875,,25.270881000324152,auto
1767861278859,Sunny,Day,0.02209201388888889,44.18402777777778,,22.845155001050443,auto
1767861278889,Sunny,Day,0.022222222222222223,44.44444444444444,,24.284975999762537,auto
1767861278921,Sunny,Day,0.019270833333333334,38.54166666666667,,24.947480000264477,auto
1767861278953,Sunny,Day,0.023871527777777776,47.74305555555555,,24.959573000160162,auto
1767861278984,Sunny,Day,0.02282986111111111,45.65972222222222,,24.69539400044596,auto
1767861279015,Sunny,Day,0.02131076388888889,42.62152777777778,,24.84866799932206,auto
1767861279047,Sunny,Day,0.025173611111111112,50.34722222222222,,24.835537999024382,auto
1767861279082,Sunny,Day,0.022699652777777777,45.39930555555556,,28.36472099988896,auto
1767861279110,Sunny,Day,0.022743055555555555,45.48611111111111,,20.618722001017886,auto
1767861279141,Sunny,Day,0.023480902777777778,46.96180555555556,,25.037774999873363,auto
1767861279172,Sunny,Day,0.02378472222222222,47.56944444444444,,23.47006799936935,auto
1767861279205,Sunny,Day,0.019791666666666666,39.58333333333333,,25.918199999068747,auto
1767861279235,Sunny,Day,0.02456597222222222,49.13194444444444,,23.088538999218144,auto
1767861279266,Sunny,Day,0.022222222222222223,44.44444444444444,,24.92655499918328,auto
1767861279298,Sunny,Day,0.023914930555555554,47.82986111111111,,23.51132600051642,auto
1767861279329,Sunny,Day,0.0265625,53.125,,28.120523000325193,manual
1767861279360,Sunny,Day,0.024913194444444446,49.82638888888889,,22.310074999040808,manual
1767861279392,Sunny,Day,0.026649305555555555,53.29861111111111,,24.900518999857013,manual
1767861279423,Sunny,Day,0.025303819444444445,50.60763888888889,,24.521712000932894,manual
1767861279455,Sunny,Day,0.020833333333333332,41.666666666666664,,25.011682000695146,manual
1767861279488,Sunny,Day,0.028211805555555556,56.423611111111114,,26.772885999889695,manual
1767861279517,Sunny,Day,0.021527777777777778,43.05555555555556,,22.06570899943472,manual
1767861279551,Sunny,Day,0.018359375,36.71875,,26.67461000055482,manual
1767861279580,Sunny,Day,0.019053819444444446,38.10763888888889,,21.987230000377167,manual
1767861279613,Sunny,Day,0.021267361111111112,42.53472222222222,,29.18666700134054,manual
1767861279643,Sunny,Day,0.024826388888888887,49.65277777777777,,20.458392000364256,manual
1767861279675,Sunny,Day,0.02261284722222222,45.22569444444444,,25.243160000172793,manual
1767861279706,Sunny,Day,0.021397569444444445,42.79513888888889,,25.272250999478274,manual
1767861279737,Sunny,Day,0.02243923611111111,44.87847222222222,,24.406066000665305,manual
1767861279770,Sunny,Day,0.022395833333333334,44.791666666666664,,26.017456999397837,manual
1767861279802,Sunny,Day,0.024696180555555555,49.39236111111111,,25.648038999861456,manual
1767861279831,Sunny,Day,0.0265625,53.125,-51.0,22.496477999084163,manual
1767861279863,Sunny,Day,0.02478298611111111,49.56597222222222,-49.0,25.139309000223875,manual
1767861279894,Sunny,Day,0.021397569444444445,42.79513888888889,,23.75656200092635,manual
1767861279926,Sunny,Day,0.022569444444444444,45.138888888888886,-54.0,24.64237599997432,manual
1767861279960,Sunny,Day,0.01840277777777778,36.80555555555556,-54.0,27.34231800059206,manual
1767861279989,Sunny,Day,0.026171875,52.34375,,21.87997299915878,manual
1767861280022,Sunny,Day,0.025,50.0,,26.85568000015337,manual
1767861280051,Sunny,Day,0.02035590277777778,40.71180555555556,,22.204743001566385,manual
1767861280084,Sunny,Day,0.02282986111111111,45.65972222222222,-53.0,25.13393899971561,manual
1767861280115,Sunny,Day,0.026432291666666666,52.864583333333336,,22.81530400068732,manual
1767861280145,Sunny,Day,0.020746527777777777,41.49305555555556,,20.44404099979147,manual
1767861280178,Sunny,Day,0.025954861111111113,51.90972222222223,-56.0,28.0970609983342,manual
1767861280208,Sunny,Day,0.022743055555555555,45.48611111111111,-57.0,22.028432998922653,manual
1767861280240,Sunny,Day,0.027734375,55.46875,,24.924332999944454,manual
1767861280271,Sunny,Day,0.03029513888888889,60.59027777777778,-46.0,24.94870299960894,manual
1767861280302,Sunny,Day,0.03090277777777778,61.80555555555556,-49.0,24.936166000770754,manual
1767861280334,Sunny,Day,0.02868923611111111,57.37847222222222,-48.0,24.914666999393376,manual
1767861280365,Sunny,Day,0.030815972222222224,61.63194444444445,-58.0,24.94387000115239,manual
1767861280397,Sunny,Day,0.026041666666666668,52.083333333333336,-60.0,24.451732000670745,manual
1767861280428,Sunny,Day,0.03029513888888889,60.59027777777778,-57.0,24.22851399933279,manual
1767861280459,Sunny,Day,0.030859375,61.71875,-54.0,24.89513000000443,manual
1767861280491,Sunny,Day,0.027300347222222222,54.60069444444444,-59.0,24.969332000182476,manual
1767861280522,Sunny,Day,0.02868923611111111,57.37847222222222,-62.0,24.299180000525666,manual
1767861280554,Sunny,Day,0.02816840277777778,56.33680555555556,,27.986471000986057,manual
1767861280585,Sunny,Day,0.02751736111111111,55.03472222222222,-61.0,22.860562999994727,manual
1767861280617,Sunny,Day,0.032942708333333334,65.88541666666667,-58.0,20.682610000221757,manual
1767861280648,Sunny,Day,0.03381076388888889,67.62152777777777,-60.0,24.76235500034818,manual
1767861280681,Sunny,Day,0.033116319444444445,66.23263888888889,-56.0,26.32982099930814,manual
1767861280712,Sunny,Day,0.036458333333333336,72.91666666666667,-49.0,24.145886998667265,manual
1767861280742,Sunny,Day,0.033116319444444445,66.23263888888889,-46.0,22.126041001683916,manual
1767861280773,Sunny,Day,0.03511284722222222,70.22569444444444,-42.0,24.659598000653205,manual
1767861280805,Sunny,Day,0.03658854166666667,73.17708333333334,-40.0,24.48034300141444,manual
1767861280836,Sunny,Day,0.03359375,67.1875,-37.0,23.556455000289134,manual
1767861280869,Sunny,Day,0.035069444444444445,70.13888888888889,-34.0,26.147140000830404,manual
1767861280899,Sunny,Day,0.03246527777777778,64.93055555555556,-30.0,23.088410000127624,manual
1767861280930,Sunny,Day,0.0328125,65.625,-30.0,25.165549999655923,manual
1767861280962,Sunny,Day,0.033680555555555554,67.36111111111111,-24.0,24.785928999335738,manual
1767861280993,Sunny,Day,0.032942708333333334,65.88541666666667,-23.0,24.192163000407163,auto
1767861281026,Sunny,Day,0.03498263888888889,69.96527777777779,-16.0,24.85616800004209,auto
1767861281057,Sunny,Day,0.03832465277777778,76.64930555555556,-15.0,21.919157001320855,auto
1767861281091,Sunny,Day,0.03428819444444445,68.5763888888889,-8.0,27.720346999558387,auto
1767861281119,Sunny,Day,0.033289930555555555,66.57986111111111,-6.0,20.692775999123114,auto
1767861281150,Sunny,Day,0.03155381944444444,63.107638888888886,-9.0,20.212989998981357,auto
1767861281182,Sunny,Day,0.034722222222222224,69.44444444444444,1.0,23.988926999663818,auto
1767861281213,Sunny,Day,0.03697916666666667,73.95833333333333,4.0,24.731577999773435,auto
1767861281246,Sunny,Day,0.03428819444444445,68.5763888888889,3.0,26.75236699906236,auto
1767861281276,Sunny,Day,0.03585069444444444,71.70138888888889,4.0,21.827399001267622,auto
1767861281307,Sunny,Day,0.03619791666666667,72.39583333333334,2.0,24.86050100014836,auto
1767861281338,Sunny,Day,0.03680555555555556,73.61111111111111,0.0,24.90475899867306,auto
1767861281370,Sunny,Day,0.03771701388888889,75.43402777777777,2.0,24.853834000168717,auto
1767861281401,Sunny,Day,0.03381076388888889,67.62152777777777,-1.0,23.782042000675574,auto
1767861281435,Sunny,Day,0.03602430555555555,72.0486111111111,-1.0,26.658666000002995,auto
1767861281465,Sunny,Day,0.033984375,67.96875,-2.0,22.263390999796684,auto
1767861281495,Sunny,Day,0.03910590277777778,78.21180555555556,-2.0,23.723358999632183,auto
1767861281527,Sunny,Day,0.03411458333333333,68.22916666666666,-3.0,23.706156000116607,auto
1767861281558,Sunny,Day,0.03845486111111111,76.90972222222223,-3.0,24.342827000509715,auto
1767861281591,Sunny,Day,0.03359375,67.1875,-2.0,25.713778999488568,auto
1767861281622,Sunny,Day,0.03446180555555556,68.92361111111111,-3.0,24.583266998888575,auto
1767861281652,Sunny,Day,0.035243055555555555,70.48611111111111,0.0,23.922966000100132,auto
1767861281687,Sunny,Day,0.03463541666666667,69.27083333333334,-4.0,27.337502999216667,auto
1767861281717,Sunny,Day,0.03420138888888889,68.40277777777779,-9.0,23.051928999848315,auto
1767861281747,Sunny,Day,0.03194444444444444,63.888888888888886,-4.0,22.355147000780562,auto
1767861281781,Sunny,Day,0.03728298611111111,74.56597222222221,-3.0,26.695036000091932,auto
1767861281812,Sunny,Day,0.03615451388888889,72.30902777777779,-5.0,24.248957999589038,auto
1767861281843,Sunny,Day,0.03394097222222222,67.88194444444444,-3.0,23.835060001147212,auto
1767861281872,Sunny,Day,0.03407118055555555,68.1423611111111,-2.0,22.403258000849746,auto
1767861281906,Sunny,Day,0.031727430555555554,63.45486111111111,-4.0,27.264022999588633,auto
1767861281937,Sunny,Day,0.03394097222222222,67.88194444444444,-4.0,23.804671998732374,auto
1767861281966,Sunny,Day,0.031640625,63.28125,-1.0,22.034932000678964,auto
1767861281998,Sunny,Day,0.03181423611111111,63.62847222222222,-2.0,24.260922000394203,auto
1767861282031,Sunny,Day,0.03415798611111111,68.31597222222221,-1.0,21.19441399918287,auto
1767861282061,Sunny,Day,0.030946180555555557,61.892361111111114,-2.0,22.27477899941732,auto
1767861282096,Sunny,Day,0.030685763888888887,61.37152777777777,-3.0,28.672825999819906,auto
1767861282123,Sunny,Day,0.032942708333333334,65.88541666666667,-1.0,19.194456999684917,auto
1767861282155,Sunny,Day,0.031206597222222222,62.41319444444444,-1.0,23.97501999985252,auto
1767861282186,Sunny,Day,0.030381944444444444,60.763888888888886,-4.0,24.68426399900636,auto
1767861282218,Sunny,Day,0.028776041666666665,57.55208333333333,-5.0,25.275325000620796,auto
1767861282250,Sunny,Day,0.03480902777777778,69.61805555555556,-2.0,24.5935989987629,auto
1767861282282,Sunny,Day,0.030338541666666666,60.677083333333336,-3.0,25.06714499941154,auto
1767861282312,Sunny,Day,0.031119791666666667,62.239583333333336,-3.0,23.73008100039442,auto
1767861282343,Sunny,Day,0.03029513888888889,60.59027777777778,-2.0,24.78244699887,auto
1767861282375,Sunny,Day,0.03194444444444444,63.888888888888886,-1.0,24.540673999581486,auto
1767861282408,Sunny,Day,0.032552083333333336,65.10416666666667,-2.0,26.370671999757178,auto
1767861282438,Sunny,Day,0.032552083333333336,65.10416666666667,-5.0,22.239519999857293,auto
1767861282469,Sunny,Day,0.03372395833333333,67.44791666666666,-4.0,25.07036700080789,auto
1767861282501,Sunny,Day,0.030338541666666666,60.677083333333336,-8.0,24.804835999020725,auto
1767861282532,Sunny,Day,0.03606770833333333,72.13541666666666,1.0,25.051942000573035,auto
1767861282564,Sunny,Day,0.033680555555555554,67.36111111111111,-1.0,25.053645000298275,auto
1767861282594,Sunny,Day,0.030598958333333332,61.197916666666664,-1.0,23.922780999782844,auto
1767861282626,Sunny,Day,0.03359375,67.1875,1.0,24.058962999333744,auto
1767861282657,Sunny,Day,0.03203125,64.0625,1.0,24.71735599829117,auto
1767861282689,Sunny,Day,0.03407118055555555,68.1423611111111,3.0,24.576988000262645,auto
1767861282723,Sunny,Day,0.029427083333333333,58.854166666666664,1.0,27.518295999470865,auto
1767861282754,Sunny,Day,0.028515625,57.03125,0.0,24.51087900044513,auto
1767861282783,Sunny,Day,0.02699652777777778,53.99305555555556,-2.0,22.424182998292963,auto
1767861282816,Sunny,Day,0.028038194444444445,56.07638888888889,0.0,26.489576999665587,auto
1767861282847,Sunny,Day,0.026953125,53.90625,-5.0,24.21279300142487,auto
1767861282878,Sunny,Day,0.030034722222222223,60.06944444444444,1.0,24.508249000064097,auto
1767861282909,Sunny,Day,0.03177083333333333,63.541666666666664,0.0,24.10464700005832,auto
1767861282943,Sunny,Day,0.03372395833333333,67.44791666666666,1.0,27.486647999467095,auto
1767861282971,Sunny,Day,0.031163194444444445,62.32638888888889,1.0,21.13804500004335,auto
1767861283003,Sunny,Day,0.032942708333333334,65.88541666666667,1.0,24.910759999329457,auto
1767861283034,Sunny,Day,0.028211805555555556,56.423611111111114,-2.0,24.89244500065979,auto
1767861283066,Sunny,Day,0.030946180555555557,61.892361111111114,-1.0,24.256920998595888,auto
1767861283097,Sunny,Day,0.03407118055555555,68.1423611111111,-2.0,22.40010999958031,auto
1767861283128,Sunny,Day,0.03181423611111111,63.62847222222222,-3.0,24.95164699939778,auto
1767861283160,Sunny,Day,0.030989583333333334,61.97916666666667,-2.0,24.532601000828436,auto
1767861283193,Sunny,Day,0.02990451388888889,59.80902777777778,-4.0,26.34091400068428,auto
1767861283222,Sunny,Day,0.029817708333333335,59.63541666666667,-4.0,22.431830999266822,auto
1767861283254,Sunny,Day,0.03107638888888889,62.15277777777778,-5.0,24.21514500019839,auto
1767861283288,Sunny,Day,0.025868055555555554,51.73611111111111,-9.0,26.097715001014876,auto
1767861283320,Sunny,Day,0.028038194444444445,56.07638888888889,-9.0,24.694690000615083,auto
1767861283352,Sunny,Day,0.032552083333333336,65.10416666666667,-2.0,21.439853000629228,auto
1767861283383,Sunny,Day,0.03333333333333333,66.66666666666667,-4.0,22.073708998505026,auto
1767861283413,Sunny,Day,0.0265625,53.125,-4.0,20.69188700079394,auto
1767861283446,Sunny,Day,0.03185763888888889,63.71527777777777,0.0,24.51854599894432,auto
1767861283476,Sunny,Day,0.028993055555555557,57.986111111111114,1.0,19.442153999989387,auto
1767861283507,Sunny,Day,0.030164930555555556,60.329861111111114,2.0,19.719056001122226,auto
1767861283539,Sunny,Day,0.03315972222222222,66.31944444444444,4.0,22.578420999707305,auto
1767861283572,Sunny,Day,0.034895833333333334,69.79166666666667,4.0,24.283161999846925,auto
1767861283602,Sunny,Day,0.03376736111111111,67.53472222222221,2.0,21.017417000621208,auto
1767861283636,Sunny,Day,0.03650173611111111,73.00347222222223,5.0,25.327860999823315,auto
1767861283666,Sunny,Day,0.034027777777777775,68.05555555555554,1.0,20.615165998606244,auto
1767861283696,Sunny,Day,0.03528645833333333,70.57291666666667,-1.0,19.173456999851624,auto
1767861283727,Sunny,Day,0.03602430555555555,72.0486111111111,0.0,22.444386000643135,auto
1767861283759,Sunny,Day,0.03637152777777778,72.74305555555556,0.0,23.813486001017736,auto
1767861283789,Sunny,Day,0.032552083333333336,65.10416666666667,-3.0,21.82139999968058,auto
1767861283821,Sunny,Day,0.03671875,73.4375,-3.0,24.04174100047385,auto
1767861283853,Sunny,Day,0.033463541666666666,66.92708333333333,-1.0,22.338574000968947,auto
1767861283885,Sunny,Day,0.03511284722222222,70.22569444444444,0.0,23.846577998483554,auto
1767861283916,Sunny,Day,0.033984375,67.96875,-3.0,20.08764099991822,auto
1767861283949,Sunny,Day,0.03680555555555556,73.61111111111111,-4.0,24.45258399893646,auto
1767861283978,Sunny,Day,0.033984375,67.96875,0.0,20.58703799957584,auto
1767861284010,Sunny,Day,0.036631944444444446,73.26388888888889,-1.0,22.69084399995336,auto
1767861284043,Sunny,Day,0.036284722222222225,72.56944444444446,-4.0,24.405899999692338,auto
1767861284074,Sunny,Day,0.034678819444444446,69.35763888888889,0.0,20.31156200064288,auto
1767861284104,Sunny,Day,0.03355034722222222,67.10069444444444,0.0,19.98701299999084,auto
1767861284136,Sunny,Day,0.031032986111111112,62.06597222222222,-2.0,22.87763599997561,auto
1767861284167,Sunny,Day,0.03285590277777778,65.71180555555556,-1.0,21.996600000420585,auto
1767861284199,Sunny,Day,0.03064236111111111,61.28472222222222,0.0,24.076203000731766,auto
1767861284229,Sunny,Day,0.028819444444444446,57.63888888888889,0.0,21.672496000974206,auto
1767861284263,Sunny,Day,0.03142361111111111,62.84722222222222,1.0,24.82311300082074,auto
1767861284294,Sunny,Day,0.03129340277777778,62.58680555555556,1.0,20.802626000659075,auto
1767861284323,Sunny,Day,0.03381076388888889,67.62152777777777,2.0,20.256452000467107,auto
1767861284356,Sunny,Day,0.028081597222222223,56.16319444444444,2.0,23.554417999548605,auto
1767861284386,Sunny,Day,0.030164930555555556,60.329861111111114,2.0,21.666421000190894,auto
1767861284419,Sunny,Day,0.028081597222222223,56.16319444444444,3.0,24.10735099874728,auto
1767861284450,Sunny,Day,0.033637152777777776,67.27430555555556,3.0,20.777458999873488,auto
1767861284483,Sunny,Day,0.031901041666666664,63.80208333333333,4.0,23.831467999116285,auto
1767861284514,Sunny,Day,0.03441840277777778,68.83680555555556,4.0,21.458110999446944,auto
1767861284543,Sunny,Day,0.029817708333333335,59.63541666666667,3.0,20.489299000473693,auto
1767861284576,Sunny,Day,0.03585069444444444,71.70138888888889,5.0,24.263940000309958,auto
1767861284608,Sunny,Day,0.03927951388888889,78.55902777777777,3.0,24.128627999743912,auto
1767861284638,Sunny,Day,0.033289930555555555,66.57986111111111,4.0,20.067659999767784,auto
1767861284670,Sunny,Day,0.029036458333333334,58.07291666666667,4.0,22.01785900069808,auto
1767861284703,Sunny,Day,0.030338541666666666,60.677083333333336,3.0,23.91335500033165,auto
1767861284732,Sunny,Day,0.03411458333333333,68.22916666666666,3.0,19.681982999827596,auto
1767861284763,Sunny,Day,0.03511284722222222,70.22569444444444,4.0,22.79147099943657,auto
1767861284795,Sunny,Day,0.03198784722222222,63.975694444444436,3.0,22.520088001328986,auto
1767861284828,Sunny,Day,0.037022569444444445,74.04513888888889,5.0,23.925687999508227,auto
1767861284858,Sunny,Day,0.03480902777777778,69.61805555555556,5.0,20.41052300046431,auto
1767861284891,Sunny,Day,0.03567708333333333,71.35416666666666,5.0,24.20234800047183,auto
1767861284923,Sunny,Day,0.03654513888888889,73.09027777777779,6.0,23.146834000726813,auto
1767861284952,Sunny,Day,0.04435763888888889,88.71527777777779,5.0,20.313654998972197,auto
1767861284985,Sunny,Day,0.04162326388888889,83.24652777777777,6.0,24.545173999285907,auto
1767861285017,Sunny,Day,0.04370659722222222,87.41319444444444,6.0,22.01659899947117,auto
1767861285046,Sunny,Day,0.03589409722222222,71.78819444444444,7.0,19.820720999632613,auto
1767861285077,Sunny,Day,0.038671875,77.34375,8.0,22.33942500060948,auto
1767861285109,Sunny,Day,0.040581597222222224,81.16319444444444,7.0,19.874497998898732,auto
1767861285140,Sunny,Day,0.045008680555555555,90.01736111111111,6.0,22.999134000201593,auto
1767861285172,Sunny,Day,0.03993055555555555,79.8611111111111,5.0,22.39136900061567,auto
1767861285203,Sunny,Day,0.03845486111111111,76.90972222222223,5.0,22.792398000092362,auto
1767861285234,Sunny,Day,0.039713541666666664,79.42708333333333,6.0,21.513999001399498,auto
1767861285266,Sunny,Day,0.04301215277777778,86.02430555555556,7.0,17.949075998330954,auto
1767861285298,Sunny,Day,0.042578125,85.15625,8.0,23.937244000990177,auto
1767861285329,Sunny,Day,0.04943576388888889,98.87152777777777,9.0,20.415393000803306,auto
1767861285360,Sunny,Day,0.04301215277777778,86.02430555555556,9.0,22.600049998800387,auto
1767861285393,Sunny,Day,0.046961805555555555,93.92361111111111,7.0,24.50745299938717,auto
1767861285423,Sunny,Day,0.039539930555555554,79.07986111111111,6.0,21.46459300092829,auto
1767861285455,Sunny,Day,0.03901909722222222,78.03819444444444,6.0,23.134630999265937,auto
1767861285486,Sunny,Day,0.04123263888888889,82.46527777777777,6.0,21.310206999260117,auto
1767861285518,Sunny,Day,0.044140625,88.28125,7.0,23.814375999791082,auto
1767861285551,Sunny,Day,0.041493055555555554,82.98611111111111,7.0,22.598382998694433,auto
1767861285581,Sunny,Day,0.04097222222222222,81.94444444444444,7.0,21.173395000005257,auto
1767861285613,Sunny,Day,0.040190972222222225,80.38194444444446,8.0,22.045486999559216,auto
1767861285644,Sunny,Day,0.04131944444444444,82.63888888888889,8.0,22.19444799993653,auto
1767861285674,Sunny,Day,0.04552951388888889,91.05902777777777,8.0,21.106416001202888,auto
1767861285705,Sunny,Day,0.04700520833333333,94.01041666666667,10.0,22.74115799991705,auto
1767861285737,Sunny,Day,0.042534722222222224,85.06944444444444,7.0,23.27107200108003,auto
1767861285769,Sunny,Day,0.04722222222222222,94.44444444444444,7.0,21.213301999523537,auto
1767861285800,Sunny,Day,0.04583333333333333,91.66666666666666,6.0,22.250668000197038,auto
1767861285831,Sunny,Day,0.04743923611111111,94.87847222222221,7.0,18.326474999412312,auto
1767861285862,Sunny,Day,0.04522569444444444,90.45138888888889,7.0,22.870210001201485,auto
1767861285895,Sunny,Day,0.0515625,100.0,8.0,24.702077998881578,auto
1767861285929,Sunny,Day,0.048350694444444446,96.70138888888889,7.0,24.40115900026285,auto
1767861285957,Sunny,Day,0.04952256944444444,99.04513888888889,6.0,18.81670500006294,auto
1767861285988,Sunny,Day,0.04670138888888889,93.40277777777779,,21.270949000609107,auto
1767861286022,Sunny,Day,0.050520833333333334,100.0,6.0,24.4078809992061,auto
1767861286053,Sunny,Day,0.049262152777777776,98.52430555555556,7.0,22.621660000368138,auto
1767861286082,Sunny,Day,0.05256076388888889,100.0,7.0,15.846880000026431,auto
1767861286113,Sunny,Day,0.05138888888888889,100.0,6.0,23.346866999418125,auto
1767861286145,Sunny,Day,0.056206597222222224,100.0,6.0,20.134307000262197,auto
1767861286178,Sunny,Day,0.05486111111111111,100.0,8.0,23.507956000685226,auto
1767861286208,Sunny,Day,0.05967881944444445,100.0,8.0,21.96006399935868,auto
1767861286240,Sunny,Day,0.04982638888888889,99.65277777777779,,23.68550800019875,auto
1767861286271,Sunny,Day,0.047135416666666666,94.27083333333333,,21.80954800132895,auto
1767861286303,Sunny,Day,0.04913194444444444,98.26388888888889,7.0,24.467047000143793,auto
1767861286335,Sunny,Day,0.046875,93.75,,23.170481999841286,auto
1767861286365,Sunny,Day,0.05234375,100.0,,20.087696000700817,auto
1767861286396,Sunny,Day,0.05134548611111111,100.0,,23.112131999369012,auto
1767861286429,Sunny,Day,0.04852430555555556,97.04861111111111,,17.560974001753493,auto
1767861286459,Sunny,Day,0.04348958333333333,86.97916666666666,,21.998932999849785,auto
1767861286492,Sunny,Day,0.03888888888888889,77.77777777777779,,18.830020000677905,auto
1767861286525,Sunny,Day,0.03302951388888889,66.05902777777779,,24.666949999300414,auto
1767861286556,Sunny,Day,0.028776041666666665,57.55208333333333,,20.345820999864372,auto
1767861286585,Sunny,Day,0.033984375,67.96875,,20.84242099954281,auto
1767861286618,Sunny,Day,0.03480902777777778,69.61805555555556,,22.98296699882485,auto
1767861286648,Sunny,Day,0.03250868055555556,65.01736111111111,,20.598537999831024,auto
1767861286679,Sunny,Day,0.029253472222222222,58.50694444444444,,22.810915999798453,auto
1767861286712,Sunny,Day,0.030598958333333332,61.197916666666664,,24.75065200087556,auto
1767861286744,Sunny,Day,0.031336805555555555,62.67361111111111,,22.188281000126153,auto
1767861286774,Sunny,Day,0.029166666666666667,58.333333333333336,,20.728460000100313,auto
1767861286806,Sunny,Day,0.029427083333333333,58.854166666666664,,22.821897000540048,auto
1767861286837,Sunny,Day,0.02912326388888889,58.24652777777778,,22.218760999749065,auto
1767861286870,Sunny,Day,0.030381944444444444,60.763888888888886,,19.194604999938747,auto
1767861286898,Sunny,Day,0.03211805555555555,64.2361111111111,,19.50083799965796,auto
1767861286936,Sunny,Day,0.03090277777777778,61.80555555555556,,29.26547999959439,auto
1767861286964,Sunny,Day,0.03389756944444444,67.79513888888889,,18.27651299936406,auto
1767861286997,Sunny,Day,0.03376736111111111,67.53472222222221,,18.06860999931814,auto
1767861287025,Sunny,Day,0.035590277777777776,71.18055555555556,,19.087255001068115,auto
1767861287057,Sunny,Day,0.03407118055555555,68.1423611111111,,18.120331998943584,auto
1767861287088,Sunny,Day,0.03567708333333333,71.35416666666666,,21.261004998450517,auto
1767861287118,Sunny,Day,0.034765625,69.53125,,20.858420999502414,auto
1767861287150,Sunny,Day,0.03923611111111111,78.47222222222221,,14.918307999323588,auto
1767861287182,Sunny,Day,0.036848958333333334,73.69791666666667,,23.473698000088916,auto
1767861287213,Sunny,Day,0.042534722222222224,85.06944444444444,,16.507902999364887,auto
1767861287244,Sunny,Day,0.03871527777777778,77.43055555555556,,23.689192999881925,auto
1767861287276,Sunny,Day,0.040755208333333334,81.51041666666667,,23.773672999595874,auto
1767861287306,Sunny,Day,0.03927951388888889,78.55902777777777,,21.790196999063483,auto
1767861287338,Sunny,Day,0.04318576388888889,86.37152777777777,,24.32782800133282,auto
1767861287371,Sunny,Day,0.0375,75.0,,24.493304999850807,auto
1767861287401,Sunny,Day,0.04565972222222222,91.31944444444444,,20.767848000105005,auto
1767861287435,Sunny,Day,0.04765625,95.3125,,24.77828100018087,auto
1767861287466,Sunny,Day,0.04227430555555556,84.54861111111111,,21.809918000144535,auto
1767861287497,Sunny,Day,0.04079861111111111,81.59722222222223,,22.773972001232323,auto
1767861287527,Sunny,Day,0.041796875,83.59375,,19.29939799993008,auto
1767861287557,Sunny,Day,0.042144097222222225,84.28819444444446,,22.211170000446145,auto
1767861287587,Sunny,Day,0.04722222222222222,94.44444444444444,,23.21559200026968,auto
1767861287618,Sunny,Day,0.04440104166666667,88.80208333333334,,24.560026000472135,auto
1767861287650,Sunny,Day,0.04418402777777778,88.36805555555556,,24.81909499874746,auto
1767861287682,Sunny,Day,0.04457465277777778,89.14930555555556,,25.769277999643236,auto
1767861287714,Sunny,Day,0.04592013888888889,91.84027777777779,,24.20032999907562,auto
1767861287745,Sunny,Day,0.04548611111111111,90.97222222222221,,24.996034999276162,auto
1767861287778,Sunny,Day,0.04561631944444444,91.23263888888889,,24.831593998897006,auto
1767861287807,Sunny,Day,0.041666666666666664,83.33333333333333,,19.533689999661874,auto
1767861287838,Sunny,Day,0.044921875,89.84375,,24.082609999823035,auto
1767861287870,Sunny,Day,0.04865451388888889,97.30902777777779,,19.210381999073434,auto
1767861287902,Sunny,Day,0.046875,93.75,,24.26464299969666,auto
1767861287933,Sunny,Day,0.044444444444444446,88.88888888888889,,23.67991600112873,auto
1767861287965,Sunny,Day,0.04761284722222222,95.22569444444444,,25.02025699868682,auto
1767861287995,Sunny,Day,0.04618055555555556,92.36111111111111,,23.1236869985878,auto
1767861288027,Sunny,Day,0.047135416666666666,94.27083333333333,,19.428710998909082,auto
1767861288059,Sunny,Day,0.04331597222222222,86.63194444444444,,24.506916999598616,auto
1767861288090,Sunny,Day,0.047526041666666664,95.05208333333333,,17.133037999883527,auto
1767861288121,Sunny,Day,0.045746527777777775,91.49305555555554,,24.728485999730765,auto
1767861288153,Sunny,Day,0.04618055555555556,92.36111111111111,,25.893441999869538,auto
1767861288185,Sunny,Day,0.04418402777777778,88.36805555555556,,28.444553001463646,manual
1767861288215,Sunny,Day,0.04674479166666667,93.48958333333333,,20.6280179991154,manual
1767861288247,Sunny,Day,0.04704861111111111,94.09722222222221,,25.95460700104013,manual
1767861288279,Sunny,Day,0.047265625,94.53125,,25.003312999615446,manual
1767861288310,Sunny,Day,0.04596354166666667,91.92708333333334,,24.452010000459268,manual
1767861288341,Sunny,Day,0.04392361111111111,87.84722222222221,,23.917965998407453,manual
1767861288372,Sunny,Day,0.04739583333333333,94.79166666666666,,25.16604999982519,manual
1767861288404,Sunny,Day,0.04895833333333333,97.91666666666667,,24.72663300068234,manual
1767861288435,Sunny,Day,0.04548611111111111,90.97222222222221,,24.542729999666335,manual
1767861288468,Sunny,Day,0.04809027777777778,96.18055555555556,,26.550668999334448,manual
1767861288499,Sunny,Day,0.046440972222222224,92.88194444444444,,24.203218999900855,manual
1767861288529,Sunny,Day,0.04778645833333333,95.57291666666666,,22.642326999630313,manual
1767861288560,Sunny,Day,0.044487847222222224,88.97569444444444,,24.735929000598844,manual
1767861288592,Sunny,Day,0.04674479166666667,93.48958333333333,,25.40476700050931,manual
1767861288623,Sunny,Day,0.04292534722222222,85.85069444444444,,24.27060599984543,manual
1767861288655,Sunny,Day,0.04618055555555556,92.36111111111111,,25.11405199948058,manual
1767861288688,Sunny,Day,0.04700520833333333,94.01041666666667,,25.775037000130396,manual
1767861288718,Sunny,Day,0.045399305555555554,90.79861111111111,,23.982759999853442,manual
1767861288749,Sunny,Day,0.04032118055555556,80.64236111111111,,22.28603799994744,manual
1767861288781,Sunny,Day,0.044835069444444445,89.67013888888889,,22.031153999705566,manual
1767861288813,Sunny,Day,0.041102430555555555,82.20486111111111,,22.835673998997663,manual
1767861288843,Sunny,Day,0.04331597222222222,86.63194444444444,,21.882713999730186,manual
1767861288878,Sunny,Day,0.043359375,86.71875,,28.361869999571354,manual
1767861288907,Sunny,Day,0.045572916666666664,91.14583333333333,,20.895198000289383,manual
1767861288937,Sunny,Day,0.04418402777777778,88.36805555555556,,17.615785998714273,manual
1767861288968,Sunny,Day,0.043793402777777775,87.58680555555554,,22.6299010009825,manual
1767861289001,Sunny,Day,0.03967013888888889,79.34027777777777,,24.011890000110725,manual
1767861289033,Sunny,Day,0.038411458333333336,76.82291666666667,,21.791881999888574,manual
1767861289063,Sunny,Day,0.04123263888888889,82.46527777777777,,23.652231000596657,manual
1767861289098,Sunny,Day,0.044097222222222225,88.19444444444446,,28.17683700050111,manual
1767861289128,Sunny,Day,0.03967013888888889,79.34027777777777,,22.929821001525852,manual
1767861289157,Sunny,Day,0.044097222222222225,88.19444444444446,,17.87267100007739,manual
1767861289189,Sunny,Day,0.05017361111111111,100.0,,23.130149998905836,manual
1767861289220,Sunny,Day,0.04592013888888889,91.84027777777779,,20.965400000932277,manual
1767861289251,Sunny,Day,0.046484375,92.96875,,23.73509999961243,manual
1767861289283,Sunny,Day,0.04665798611111111,93.31597222222223,,23.586102999615832,manual
1767861289317,Sunny,Day,0.04097222222222222,81.94444444444444,,26.747459998659906,manual
1767861289345,Sunny,Day,0.04683159722222222,93.66319444444444,,20.1286399988021,manual
1767861289379,Sunny,Day,0.04375,87.5,,23.932632999276393,manual
1767861289409,Sunny,Day,0.04114583333333333,82.29166666666667,,19.988939000540995,manual
1767861289440,Sunny,Day,0.040625,81.25,,19.429247000516625,manual
1767861289471,Sunny,Day,0.043619791666666664,87.23958333333333,,24.324141999386484,manual
1767861289506,Sunny,Day,0.043619791666666664,87.23958333333333,,27.85602899894002,manual
1767861289534,Sunny,Day,0.04279513888888889,85.59027777777779,,20.332562000476173,manual
1767861289565,Sunny,Day,0.03875868055555556,77.51736111111111,,25.236938001398812,manual
1767861289598,Sunny,Day,0.04123263888888889,82.46527777777777,,21.01539900104399,manual
1767861289628,Sunny,Day,0.040234375,80.46875,,21.94915600011882,manual
1767861289660,Sunny,Day,0.04279513888888889,85.59027777777779,,24.54313800080854,manual
1767861289693,Sunny,Day,0.039322916666666666,78.64583333333333,,26.26873000008345,manual
1767861289724,Sunny,Day,0.04392361111111111,87.84722222222221,,23.292220001167152,manual
1767861289754,Sunny,Day,0.04131944444444444,82.63888888888889,,22.658919000605238,manual
1767861289786,Sunny,Day,0.037890625,75.78125,,25.72746400073811,manual
1767861289817,Sunny,Day,0.03745659722222222,74.91319444444444,,21.279558999594883,manual
1767861289848,Sunny,Day,0.038628472222222224,77.25694444444444,,20.910309000100824,manual
1767861289879,Sunny,Day,0.04197048611111111,83.94097222222221,,24.580748000516905,manual
1767861289913,Sunny,Day,0.041796875,83.59375,,26.739960001577856,manual
1767861289943,Sunny,Day,0.04114583333333333,82.29166666666667,,23.05450300082157,manual
1767861289974,Sunny,Day,0.039149305555555555,78.29861111111111,,22.797359999458422,manual
1767861290006,Sunny,Day,0.03637152777777778,72.74305555555556,,23.389885000142385,manual
1767861290036,Sunny,Day,0.04405381944444445,88.1076388888889,,19.624206001026323,manual
1767861290068,Sunny,Day,0.039496527777777776,78.99305555555556,,23.63439800137712,manual
1767861290099,Sunny,Day,0.04296875,85.9375,,23.486179001338314,manual
1767861290130,Sunny,Day,0.03658854166666667,73.17708333333334,,19.58954099973198,manual
1767861290162,Sunny,Day,0.03697916666666667,73.95833333333333,,24.593340000137687,manual
1767861290193,Sunny,Day,0.03706597222222222,74.13194444444444,,24.278773000332876,manual
1767861290226,Sunny,Day,0.038585069444444446,77.17013888888889,,25.24865999839676,manual
1767861290256,Sunny,Day,0.03585069444444444,71.70138888888889,,21.96176699908392,manual
1767861290287,Sunny,Day,0.03993055555555555,79.8611111111111,,23.96881700042286,manual
